ID,PageSectionID,Title,OrderNumber,AssignmentGroupID,CreatedAt,OpenedAt,DueAt,LateSubmissionAllowed,Body,MaxTextLength
11,4,Implemented secondary application,3,69,2024-01-12 16:48,2024-01-17 16:48,2024-01-30 16:48,True,Wind kitchen stay especially indicate. Could deep station scientist. Start middle city find medical career. These ahead cover strategy student economic lead. Relate ever statement measure play buy.,299
38,13,Persevering reciprocal portal,7,57,2024-04-27 07:52,2024-04-29 07:52,2024-05-18 07:52,True,,620
54,17,Proactive non-volatile concept,1,31,2024-03-06 07:11,2024-03-11 07:11,2024-03-26 07:11,True,Doctor actually become book off management. Single avoid rich toward. Lead with enough anyone spend. Growth quality international break surface. System professional color.,792
74,25,Advanced holistic customer loyalty,6,95,2024-04-25 14:44,2024-04-29 14:44,2024-05-29 14:44,False,Include record security federal. Team Republican very plan cut person fact. Wonder practice when mean. Report set no old wall report. Experience suggest space mission agent certainly prove.,1516
133,44,Object-based modular algorithm,6,64,2024-02-27 15:07,2024-03-01 15:07,2024-03-31 15:07,True,,1472
137,46,Organized coherent alliance,2,72,2024-04-23 01:59,2024-04-25 01:59,2024-05-09 01:59,True,Hundred full nearly recent religious claim who. Source statement likely.,1708
140,47,Proactive incremental neural-net,5,44,2024-03-02 16:17,2024-03-07 16:17,2024-03-29 16:17,False,,429
151,51,Right-sized directional algorithm,7,67,2024-03-21 12:13,2024-03-23 12:13,2024-04-19 12:13,False,,1706
158,53,Virtual directional orchestration,8,50,2024-02-07 08:16,2024-02-10 08:16,2024-03-11 08:16,False,Painting house thought sit voice. Minute late cold take by doctor edge season. Cold billion as these nature. Side model you. Peace base use hope director. Kitchen call money color along.,309
161,54,Intuitive user-facing standardization,1,18,2024-04-07 03:15,2024-04-10 03:15,2024-04-27 03:15,True,,1361
162,54,Multi-channeled optimizing algorithm,6,20,2024-02-10 23:12,2024-02-14 23:12,2024-03-05 23:12,False,,1877
170,59,Progressive mission-critical ability,10,63,2024-01-24 17:28,2024-01-28 17:28,2024-02-13 17:28,False,Program decade home which view city rock. Minute education police cup thought tell design. Plan foot cold everybody build. Across among situation little other.,1623
177,60,Compatible holistic strategy,1,66,2024-03-08 12:15,2024-03-09 12:15,2024-03-23 12:15,False,Run every story trial never attention. Last standard must law. Here control affect task simply draw return.,614
188,64,Implemented clear-thinking conglomeration,10,19,2024-04-06 14:57,2024-04-08 14:57,2024-04-28 14:57,True,Notice design baby foot lot major. Standard believe politics also space high sister. Girl stage indicate test thank dinner.,1219
196,68,Compatible disintermediate hardware,4,41,2024-03-11 17:57,2024-03-13 17:57,2024-04-10 17:57,True,Write pattern wrong kind. Key under do rate. Both approach we unit. Add really born late age. Deep national seek nature performance yeah reason. Heavy town money.,502
199,68,Sharable upward-trending groupware,4,90,2024-04-18 09:02,2024-04-23 09:02,2024-05-16 09:02,True,,702
223,78,Total neutral success,7,79,2024-04-09 02:54,2024-04-13 02:54,2024-05-09 02:54,True,,671
243,84,Future-proofed non-volatile approach,3,94,2024-04-10 23:29,2024-04-15 23:29,2024-05-11 23:29,True,Too whose a nice without body. Tend dog reduce hour fish. High nation production little could his. Style child young prove care author. Century those price.,1684
248,86,Reverse-engineered discrete neural-net,7,27,2024-04-10 21:06,2024-04-15 21:06,2024-05-14 21:06,True,Improve national happen within nothing. Both loss real center rule worker. Let back three because line. Something fine apply gas sing light mention. Off former good within far cold reason.,1826
255,89,Re-engineered systematic process improvement,7,93,2024-03-27 11:42,2024-03-28 11:42,2024-04-27 11:42,True,Same generation politics sense break cold human. Live way two do raise. Enjoy most itself eye something high firm. Raise American truth PM what it truth. Friend environment better pressure hospital.,1455
