SubmissionID,SentBy,SentAt,Text
818,79,2024-03-15 21:46,Customer long represent Republican.
472,45,2024-01-10 15:44,Enter rule plant method.
637,42,2024-02-06 08:23,Must structure sometimes its car.
292,48,2024-02-05 04:45,Pattern interview even government board.
53,67,2024-01-14 12:22,Herself each success responsibility.
600,16,2024-04-02 01:05,Reason truth occur four born high.
905,57,2024-01-30 09:49,Rule break road.
777,63,2024-03-15 23:41,Manage treat box never woman.
444,98,2024-03-11 20:57,Challenge level international traditional rest.
527,5,2024-02-29 23:06,Add year fast say animal.
683,100,2024-03-23 08:36,Husband program special room investment.
562,94,2024-01-02 10:34,Piece hundred vote same physical.
767,73,2024-01-06 12:57,None away media dinner by employee them.
519,9,2024-04-01 20:44,Spring close role modern respond.
992,20,2024-02-26 22:02,Partner provide I behavior.
956,49,2024-01-18 01:40,Morning avoid mention choice.
339,85,2024-04-19 05:36,Few notice plant break.
732,57,2024-03-13 05:40,Position character TV program yeah what rate.
750,93,2024-03-13 14:47,Option star us occur hotel organization.
651,35,2024-02-12 13:32,Onto mention kind second.
148,19,2024-02-18 06:00,Board manage security space south tax career.
781,26,2024-03-06 18:06,Assume seem when wonder particularly none.
96,79,2024-03-26 08:29,Box kid police necessary evidence west two.
394,36,2024-01-23 15:15,Dream where next paper professional.
404,29,2024-01-21 21:39,Letter before fine suddenly official step early.
43,6,2024-02-16 01:21,Long enter impact technology sell per.
311,2,2024-02-06 09:51,Near kid let record response sea.
977,18,2024-01-30 05:05,Good mother senior.
200,54,2024-03-13 22:26,Particular son surface.
583,25,2024-02-25 18:26,Point some decade charge deep.
428,20,2024-03-31 01:05,Sell manager film group front dream with production.
438,71,2024-01-14 01:28,Office rather research president second else number.
582,33,2024-04-27 02:21,Who lawyer court.
939,27,2024-01-03 05:40,Seek even customer maybe get total.
1,9,2024-01-03 12:27,There too appear than.
168,5,2024-02-19 01:11,Nothing experience reveal radio still mention.
272,94,2024-01-10 21:34,Culture man choice mission leg people.
495,9,2024-03-18 04:18,Music important it hear hot provide threat.
225,60,2024-03-06 02:54,Author be try understand.
938,22,2024-04-15 13:41,Fund research set your everyone recent key.
948,87,2024-04-04 23:43,Science suddenly second Mr area send long.
506,15,2024-02-12 19:30,Tell where stage cold line organization animal.
82,86,2024-01-29 20:30,Hospital southern ever director.
471,44,2024-04-18 04:21,Myself wear gas machine put only station.
632,94,2024-04-28 13:43,Magazine leader language adult.
382,61,2024-01-16 23:21,And bill growth message last he.
979,34,2024-04-26 06:19,Detail officer report politics send finish tell.
591,72,2024-03-21 03:14,Beat necessary treatment lead organization employee respond.
562,95,2024-01-26 18:25,Whom at argue traditional machine drug stage.
339,81,2024-01-12 21:45,Role whose glass whole indeed moment compare standard.
681,42,2024-02-27 05:25,White seat itself travel wife.
540,20,2024-04-13 20:43,Term military success free leg.
684,88,2024-03-25 21:20,Car together court senior.
856,92,2024-02-09 09:21,Difference throughout network already wait magazine method choose.
604,67,2024-01-03 06:01,Kitchen purpose wind sort during.
699,36,2024-01-11 13:10,Just nature mention bank.
826,77,2024-03-07 17:39,Worry leave remain customer every minute usually.
797,32,2024-04-16 07:26,Tough crime may reduce story give hot.
232,3,2024-04-22 06:04,Option necessary fish huge maybe cover.
445,62,2024-04-09 20:43,Girl floor they.
279,43,2024-03-30 23:24,Improve main happen especially human action.
963,66,2024-04-23 11:19,Decision early finally show analysis whom piece.
308,64,2024-03-30 17:13,Political difference catch outside thus nearly.
997,93,2024-02-01 19:28,West director east country product.
415,7,2024-04-13 04:29,Cold when environment small station.
975,76,2024-01-11 09:00,Manager guy forget statement Mrs record improve reality.
308,33,2024-03-05 23:58,Forget employee soon tend dog mention.
110,19,2024-01-08 04:33,Eight late part full.
569,29,2024-02-22 06:00,Politics officer character practice her his.
865,29,2024-02-11 17:15,Say wife plan identify.
902,32,2024-01-31 05:34,Ready time audience oil training issue.
476,20,2024-01-12 06:01,Voice indeed dream finish.
949,13,2024-02-08 01:17,Able official bit seek little plant impact.
715,70,2024-03-15 12:50,Congress space dark debate science.
518,47,2024-03-20 02:12,Ground class science deep behind.
423,96,2024-03-08 18:24,Quite team sure wide husband father federal.
410,54,2024-01-04 12:55,Sing suddenly compare daughter response article.
581,43,2024-04-02 00:33,Exist truth instead run be.
307,11,2024-03-04 20:48,Network treat that meet audience offer.
249,21,2024-02-10 07:22,Find responsibility doctor live.
639,62,2024-03-13 10:47,Former voice purpose son cold.
972,85,2024-03-08 17:49,Other form base.
68,100,2024-02-26 02:24,Dream month daughter old little individual performance.
322,8,2024-01-12 05:44,When during modern much.
447,52,2024-01-28 02:34,Represent painting everybody sign child last.
835,56,2024-04-23 06:33,Work instead thus green light itself eight.
158,54,2024-03-07 11:17,Become draw few continue.
485,4,2024-04-21 14:02,Bag include market figure candidate rich happen.
342,48,2024-01-12 11:17,Fish pattern finish mean week father agency heavy.
122,40,2024-04-19 19:37,Environmental establish doctor meet.
242,63,2024-02-08 10:22,Chair resource sea near production.
901,63,2024-04-15 20:20,Major either question cover north off real.
951,51,2024-01-19 16:18,Wind beautiful pressure physical citizen time describe.
603,28,2024-04-07 17:17,Media law major role.
416,56,2024-04-07 17:04,Buy different they discover wife.
870,31,2024-01-31 17:32,Various record third agree start.
294,32,2024-04-22 01:41,Them kid success where difficult.
626,22,2024-04-22 23:56,Leg bit me.
345,21,2024-03-01 03:59,Identify big return daughter little improve.
613,42,2024-01-25 00:28,East them establish.
608,49,2024-02-25 03:23,World soon treatment.
874,11,2024-02-28 04:07,Act indeed alone nice cultural debate stay.
104,11,2024-01-23 12:37,Its throw air.
85,95,2024-01-30 11:59,Help rest history traditional anything account.
9,20,2024-03-08 02:41,College bill party affect.
554,55,2024-03-19 18:51,Design address support some would meeting.
505,12,2024-01-06 20:32,Claim political really play commercial chance.
957,90,2024-01-14 23:11,Police condition inside government.
664,20,2024-02-10 23:38,Crime pressure sea focus others role pay.
53,1,2024-02-28 19:00,Federal southern mouth performance suffer.
483,23,2024-04-08 04:15,Pass necessary summer throughout case.
34,18,2024-04-28 14:02,Their not finish official natural.
299,47,2024-03-11 02:51,Deal put side throughout sound hard stage.
696,88,2024-02-24 04:18,Military street past worry.
941,90,2024-04-03 05:52,Buy establish gas wonder.
366,86,2024-02-11 05:15,Nor there member standard.
586,12,2024-02-04 23:48,Seat skill operation score some act operation.
42,22,2024-01-12 12:28,Mouth take work along.
915,40,2024-03-18 02:24,Nothing network move walk.
339,13,2024-01-08 21:00,Above those major agent.
40,75,2024-04-04 22:40,Rate yet majority many economic cut.
85,6,2024-03-31 05:55,Still between term or house operation expert.
630,1,2024-03-31 22:04,Compare agreement civil half.
842,25,2024-02-05 08:48,My building manage.
809,22,2024-01-20 17:48,Remain join east strong raise artist should.
919,51,2024-01-30 14:59,Half situation say against list she.
844,63,2024-04-06 16:17,Newspaper wear remain risk difficult.
111,35,2024-01-09 10:33,Kitchen book close almost range.
608,38,2024-04-18 23:49,Provide land war forget whose appear establish probably.
631,68,2024-02-28 12:40,Only third third she measure car real.
74,79,2024-01-13 10:09,Up everyone including food thousand environmental but.
292,18,2024-04-19 08:35,Pressure instead sport couple night chair.
67,60,2024-01-09 00:12,Low provide throw fish.
621,34,2024-03-22 04:48,Forget consumer TV school.
162,83,2024-01-09 10:19,Dinner every pass star.
795,90,2024-03-13 11:53,Effort long possible increase standard whether.
528,13,2024-01-02 11:58,Front late magazine air health property room.
509,78,2024-02-23 11:12,Enough pick world population.
230,89,2024-03-23 13:25,Score two attack part beat candidate example.
291,5,2024-02-15 03:39,Family can enjoy defense push.
403,44,2024-03-13 05:47,Industry if note discover research.
681,21,2024-04-02 14:28,Arrive green left clear law common finally power.
712,61,2024-02-19 11:58,Product attack event develop.
830,58,2024-03-17 01:52,Country action blood age.
368,66,2024-02-15 13:32,Fund interview task tell send agreement.
314,38,2024-04-16 03:55,Fear role someone last citizen quickly cost.
670,91,2024-03-17 07:42,Board late senior shoulder.
835,52,2024-04-08 10:08,Want majority follow human.
429,31,2024-04-01 19:47,Sport end major base up decide everybody son.
814,40,2024-02-22 02:12,Pull resource administration try artist method up material.
683,42,2024-04-20 05:43,Learn along low court partner reveal decade.
216,31,2024-01-23 20:16,Glass these single scene section.
473,20,2024-03-26 14:22,Far each expert miss huge.
721,20,2024-01-17 08:00,Between natural choose quality nature.
38,11,2024-04-23 15:20,List ability song impact.
61,76,2024-03-20 06:57,Under role attack reveal instead maybe.
897,16,2024-04-22 14:40,No development play.
152,14,2024-03-28 06:44,Even question soon else morning week organization.
460,17,2024-03-05 08:11,Season nice necessary prepare may Republican.
153,93,2024-01-21 02:54,Consider head after baby night food.
76,37,2024-04-07 04:08,Hundred local big age throw minute.
789,43,2024-03-02 14:48,Investment anyone a then generation.
705,41,2024-01-30 21:40,Section customer create check trial inside.
594,31,2024-02-07 18:37,Sea herself two real value politics trade.
736,62,2024-01-16 22:51,Investment nature create.
446,53,2024-02-16 01:05,Collection first then.
126,83,2024-04-17 21:00,Fish deal court treat decision.
685,86,2024-02-04 21:01,Area adult why effort information hundred past effort.
566,94,2024-02-07 15:48,Throw me myself speech.
602,39,2024-04-10 02:53,American rest another physical clearly.
960,91,2024-04-13 09:50,Country break friend plan turn be.
215,61,2024-01-22 12:00,Hear follow suffer present market majority.
672,5,2024-02-21 03:58,Environment shake three arrive ever should.
373,21,2024-03-17 01:59,Sister affect short town.
401,25,2024-04-12 15:25,Receive nature decision hard.
354,9,2024-02-20 17:20,Dream very know off beat environmental.
51,5,2024-03-03 00:58,Art evidence show weight improve where summer happen.
862,33,2024-01-07 20:40,Threat society thousand probably.
399,24,2024-03-12 19:47,Time meeting action analysis enjoy.
833,64,2024-01-19 02:42,Debate who another side gun.
475,85,2024-02-15 14:20,Guess try positive far local.
990,51,2024-04-07 04:27,Defense center minute charge.
803,91,2024-03-22 14:33,President less discover step our support.
884,42,2024-02-18 16:56,Father foot painting group this town big director.
461,18,2024-02-05 11:59,Organization discover particularly yet least no.
836,42,2024-03-17 13:18,Attack hair you matter development argue scientist.
764,91,2024-04-05 15:24,Catch street wall central plant because.
433,85,2024-03-16 02:56,Pm or everyone yourself record attack.
323,97,2024-02-21 14:36,Instead area score thing budget.
581,90,2024-01-31 02:47,Little painting short.
189,1,2024-01-01 22:36,Measure provide job analysis computer board.
891,22,2024-04-20 19:10,Against actually more book admit.
978,33,2024-03-05 22:04,Deep him tell hour surface discover summer.
426,12,2024-01-24 22:31,Month hand current population career employee.
499,43,2024-03-24 07:43,It firm catch despite fall about agency.
152,6,2024-04-25 12:10,Fly people TV out believe what nor.
906,18,2024-02-23 20:59,Fish finally property person summer fall.
246,66,2024-02-15 17:04,Despite analysis grow itself cause four.
619,64,2024-04-22 05:36,Crime organization everyone true car ahead.
981,36,2024-02-11 13:58,These hope early different task prepare blood.
930,26,2024-02-07 21:58,Man begin mouth everything sister entire.
739,24,2024-03-05 01:42,Artist none push when past.
428,5,2024-03-26 12:23,Family dark audience night ground my.
790,2,2024-03-11 14:20,Team also add tend benefit.
647,47,2024-01-21 04:56,Decade thus final.
729,44,2024-02-08 08:53,Traditional recently grow range person memory soldier stay.
820,79,2024-01-09 10:39,Hope fear democratic speech.
382,44,2024-04-22 22:21,Lose person like experience set.
3,14,2024-04-18 04:43,Reduce deep voice company process possible health commercial.
495,99,2024-03-12 10:58,Shake him Congress few positive threat above picture.
845,65,2024-01-07 12:46,Yet rate while me.
207,28,2024-02-28 08:30,Behavior money let wrong keep.
152,43,2024-04-11 18:18,Small lay assume agree gas.
697,85,2024-04-24 18:04,Discover pick she feeling space first whose.
879,95,2024-04-29 02:57,Late worker require generation safe bag which song.
762,65,2024-01-31 06:01,Role knowledge collection forget pick first.
281,68,2024-04-20 14:26,Treatment state weight.
401,68,2024-04-06 20:43,Job thing half political.
605,79,2024-01-16 12:15,Practice today training me those environmental wife should.
949,79,2024-01-23 17:15,Page get late box purpose form security.
202,56,2024-02-26 06:02,Service possible whole spend check rock half.
789,94,2024-03-14 17:41,Possible even article story item box.
820,6,2024-02-04 19:33,South study wait.
466,93,2024-02-15 08:00,Human just range information me rest man mean.
606,71,2024-02-17 05:15,Name campaign raise.
298,69,2024-01-10 18:00,Late want picture lot will certain.
774,59,2024-04-22 05:52,Deep time just lose activity position.
46,37,2024-02-04 20:13,Hair possible American garden bar identify kitchen.
341,3,2024-03-24 08:02,Back wall camera point kid time.
418,76,2024-04-10 15:23,Drop person item particularly rate method.
643,9,2024-04-02 11:44,Near central mention include painting record born.
486,54,2024-01-17 13:31,Sometimes professor off.
952,60,2024-03-08 19:15,Perhaps cover bit.
937,78,2024-01-14 10:59,Push far site page.
586,30,2024-03-23 03:53,Behind resource stage.
946,41,2024-01-03 16:00,Tend walk word scene east common pressure under.
855,76,2024-02-08 00:56,Myself adult lead social protect.
229,58,2024-04-07 21:55,Decide glass too significant.
272,39,2024-03-03 16:24,Exist nice item eight.
913,84,2024-04-24 04:46,Interview article company lot.
873,5,2024-02-13 01:28,Say already effort next stop.
837,30,2024-01-12 20:25,Keep truth say six.
685,75,2024-01-03 23:52,Including issue just marriage bank.
261,51,2024-01-28 14:17,Day mind old argue home place.
272,1,2024-03-10 21:27,Fact take our character choose feeling food.
544,30,2024-03-19 21:48,Until kitchen these.
42,29,2024-04-19 07:55,Hotel bar popular laugh series anything.
975,58,2024-02-27 01:09,Partner radio set budget gun.
245,51,2024-02-12 18:05,Agreement buy officer team keep hundred fact direction.
3,56,2024-02-08 21:52,Position another box.
49,10,2024-04-06 07:36,Senior ok able government.
822,36,2024-01-05 20:27,Instead smile bad threat blood ready guess.
549,70,2024-02-03 20:25,Cultural question moment skill according society coach voice.
963,54,2024-02-08 03:18,When approach who hit.
17,65,2024-01-18 08:59,Seem detail heavy interest during note.
890,94,2024-03-17 14:53,Young have example.
814,99,2024-04-11 08:23,Coach father really team report car.
656,40,2024-04-11 07:54,Food hot necessary well.
788,77,2024-03-31 06:36,Century four account maintain nation pay food.
680,7,2024-03-18 01:45,Those threat TV something.
509,75,2024-01-10 10:28,Serve have receive.
219,69,2024-03-26 19:13,Where who be religious first find behavior.
678,71,2024-02-13 14:00,Case chair mean letter.
295,100,2024-02-23 08:26,Cold news although.
119,31,2024-02-23 18:05,Participant policy inside gas.
948,50,2024-04-28 01:08,Subject usually relate race heavy future politics.
575,93,2024-01-10 06:40,Second unit impact base mouth.
337,23,2024-03-07 02:17,Pattern situation leader.
559,84,2024-02-02 18:21,Task study head foot behind case.
206,2,2024-04-12 12:07,Teacher hard radio blood.
702,55,2024-02-03 01:13,Program environmental radio maybe threat.
82,43,2024-04-18 05:14,Think lay story claim perform explain right.
663,32,2024-03-17 21:22,Certainly blood his or lot sort first standard.
970,62,2024-03-15 17:09,Spend bag mouth bit court.
22,13,2024-04-19 17:18,Easy control hope point before we nation it.
133,96,2024-03-13 23:33,Level time issue above.
749,34,2024-03-27 16:14,List exist story.
174,85,2024-02-18 22:17,Difficult cut rock speech.
300,86,2024-02-15 14:57,Computer couple fund while enjoy we purpose process.
264,54,2024-04-21 21:06,Mouth identify quality recognize tree sea.
166,55,2024-03-29 02:59,Read anyone fund professor within.
209,94,2024-04-06 04:35,Blood think particular customer to happy.
168,47,2024-01-25 19:00,Move wish degree particularly give.
100,98,2024-02-21 17:29,Recognize media listen building.
955,37,2024-02-13 22:50,Development even to finish economic.
317,70,2024-04-05 06:55,Similar color fund.
709,71,2024-01-18 22:42,Forward strategy walk store customer space.
655,9,2024-01-07 17:53,Cultural name audience major provide charge.
79,20,2024-04-06 02:33,Action result term tend.
895,16,2024-01-21 15:34,Beat at accept could take.
874,1,2024-02-04 21:03,White sort somebody our.
977,31,2024-02-14 08:34,Various pretty whatever fast red.
68,100,2024-01-09 17:57,South something century.
789,98,2024-01-03 06:23,According measure drop occur.
968,35,2024-03-17 01:50,Personal prevent home everybody recognize degree.
989,23,2024-01-23 04:11,However avoid watch.
117,98,2024-03-28 05:39,Money both piece be article candidate computer.
463,44,2024-01-05 21:29,Stay police cause hospital along industry.
125,65,2024-01-12 07:38,Economy nearly evening fast.
785,100,2024-03-29 13:33,Consumer artist themselves Mr feeling nice letter.
