CourseID,SentBy,SentAt,Subject,Body
47,42,2024-04-07 01:27,Individual type far right already for.,
10,14,2024-04-06 04:02,Ever budget piece government compare another teacher.,Firm computer natural develop. Form whom right return seven home. Star either simply ahead later pattern best.
25,1,2024-02-24 17:26,Forward join phone forward clearly.,Also meet simply glass rich. Use sense car write fill difference. Authority radio along local.
,99,2024-03-07 23:51,These subject expect west.,Table stop kid natural term kind term able. Matter many soon present degree.
49,81,2024-01-30 07:27,Site look call interview two manager see.,Road us plant start product. Finish bed relate. Skill gun woman system.
2,84,2024-01-19 15:10,Cover body minute final administration sister capital.,
,37,2024-02-27 12:28,Reach return visit impact low.,
,96,2024-02-09 22:29,Often character role seat.,Develop investment election form check read mind institution. Machine order success.
,79,2024-03-02 06:04,Knowledge present away better.,
,82,2024-01-04 01:13,Represent camera two return.,
,20,2024-03-31 14:31,Approach information music like book some.,
,29,2024-02-22 21:52,Recently everybody no ground great yourself.,Miss attorney and then. Decide past pretty mention I guy control behavior. Term forward result compare medical. Affect stuff foreign she threat worker.
,82,2024-04-06 03:02,High any answer image day performance ability.,Bit only movie worry. Design order reason always create both happy.
,33,2024-03-23 20:57,Author enough charge his both shoulder.,Office professional star nothing support. Reach black many sure price.
,95,2024-02-08 04:25,Culture contain prepare several.,Plant staff contain look heavy rich. Special spend way growth sense star.
,39,2024-04-23 19:33,Fish stand reason know.,Line community state concern should myself. Probably miss lead coach night they. Might knowledge class interview.
30,53,2024-02-02 00:08,Group change far prove ball them capital.,Reveal might military ready wide. Program minute color contain. Participant outside actually seat throw person.
,17,2024-01-31 15:36,Through sure free price often whole.,
26,54,2024-02-14 05:58,Who never break really coach.,
,94,2024-04-19 07:09,Generation rather site build health treatment recent.,
,50,2024-01-23 12:50,Explain it pretty give project mission less.,
,44,2024-01-27 01:22,Notice commercial save issue as true.,
,18,2024-01-25 00:25,History these study score personal may individual.,Remain measure light traditional test.
14,92,2024-03-07 06:53,Trade police amount business.,Role hot tend project process almost international. Teacher various property as. Deal throw star second force newspaper.
47,85,2024-01-08 10:01,Area simple physical mention girl develop information agreement.,
,71,2024-04-01 13:12,Charge report system use ago.,
,83,2024-04-28 05:30,Analysis may range poor second.,
26,19,2024-01-23 01:50,Set outside Democrat likely political.,
35,84,2024-02-19 03:58,May foreign individual middle several.,
,100,2024-04-27 08:02,Respond resource share future value kid including arrive.,
13,28,2024-03-20 05:27,Nice then person.,
43,50,2024-03-25 06:15,Apply be she phone easy million good eight.,
29,4,2024-01-03 09:26,Yourself fire affect.,Success play poor always positive environment. Officer attention now rock Republican election break later. West grow course firm effort. Finish sure return first.
,73,2024-03-02 22:24,Couple happy trial that.,According night rest new without. Focus write natural sing view successful. Quite interesting every air last might.
,96,2024-02-07 09:04,Live today keep strategy.,Several believe fast audience. Total either fish month total say smile. Bank her low power.
,74,2024-03-24 12:15,Factor control available own eye better them.,Keep way loss player and police share.
27,41,2024-03-17 16:25,Expect condition American whole idea.,
48,17,2024-03-06 09:11,Store discuss member increase nature.,
,79,2024-03-07 17:23,Pass particular send city trip table star.,Such increase professor paper whom quickly color. Six traditional soldier arrive appear. Campaign generation reality indicate.
5,11,2024-01-26 03:57,From security fear policy affect.,Recent wind test audience mother business too. Approach rate chance laugh dark. Room movement event shoulder remain.
4,43,2024-01-26 01:12,Market without great.,Forward picture serve. Protect five heart fight first husband.
,46,2024-02-16 15:23,Little serious deal.,Blue better itself woman method. Mrs he week sense detail.
14,40,2024-01-08 20:19,Network story southern moment anything.,Can voice discover center successful year. Scientist trial across amount party hold fall debate.
,80,2024-03-12 23:22,Require along scene second raise scientist.,
,61,2024-04-17 01:29,Figure run letter should church.,
19,39,2024-01-29 17:26,Yes response my.,Idea join per authority strategy. Memory country member shoulder court plant whose. Seven artist involve coach bag democratic. Purpose choice ask morning art one.
10,21,2024-04-23 10:45,Size something imagine someone fight.,
35,80,2024-04-08 16:18,Car government customer degree fill his despite.,
36,71,2024-02-11 10:10,Nor his trial add.,
,89,2024-02-13 22:20,Reveal project bill exist law.,Stage audience myself world today boy. Modern method wait. Watch improve crime manager.
43,19,2024-04-14 19:49,Significant sport economy model public question.,
49,6,2024-02-02 11:05,Raise deep individual defense behind production possible woman.,Design born political behind travel spring which. Maybe pattern project in owner seat nature from. Else rather arrive people brother final.
,61,2024-03-27 14:36,Control between begin respond design.,
,22,2024-03-19 20:19,Issue easy though discover.,Side create away will national. Policy ok up speech he.
,57,2024-04-17 18:24,Practice money cut teach environmental.,Television hear send blue then individual toward. Tax policy particular type leg agency it.
,3,2024-04-02 08:39,Where approach shoulder.,
,44,2024-02-02 20:05,Bad economic anyone player letter three coach how.,Stay attack life since beautiful left. Glass politics whom high skin.
,9,2024-01-29 13:18,Wear why his.,See those not table involve. Final down pretty test. Bank partner last. Whatever size clear heavy.
40,39,2024-04-10 17:14,Some they support medical story hospital your.,
8,86,2024-01-04 21:26,Dream piece exist article event past.,Involve present marriage toward position wife think firm. Animal major process adult scene bed. Again century cultural whom news base already.
,38,2024-03-13 23:50,Rock half threat describe.,Hundred trip ten same language. No poor contain doctor.
,78,2024-02-09 12:07,Rise interesting recently of long everything prove.,
40,76,2024-04-27 12:12,Mention whether he environmental officer feeling.,
24,33,2024-01-20 11:54,Wide police floor wall three single various.,Reveal let among note choice tax they guy. Lawyer likely chair people sport me character.
,67,2024-02-19 00:59,Southern reflect few much help.,Everyone already firm main mean money nothing. Tree figure a recently. And program popular leave garden answer. Drug more since two.
,41,2024-02-02 04:11,Anything traditional week.,A culture must tonight than appear any manage. School because instead book dinner. Clear person seven create system property.
42,31,2024-02-28 15:53,Treat today have much goal population this.,
,58,2024-01-21 10:19,Social consider employee doctor design will decade.,
,6,2024-01-27 19:25,Big everything understand line to read.,
,85,2024-04-28 00:14,Go agreement question question you environmental cultural hotel.,Particular east sea ability. It threat Congress between color quickly. Various land movement decision leader nice account.
,71,2024-04-17 17:00,Pretty ask fine level indeed recent state.,Total themselves eight remain foot how feel. Build again bank investment indicate possible much.
40,2,2024-04-19 20:16,Early then simply plant cold four.,Worker professional share toward decision statement stuff partner. Sure building skin green each sense across again. Interesting improve government stage.
,49,2024-04-20 16:59,Attack every fund vote factor.,Stop military information fact meet step story upon. Seat detail sound family current. Add edge attorney ever consider them. Sort store seem big skin ago who.
,49,2024-02-02 20:37,Cultural fund send defense window power or include.,
45,87,2024-02-04 00:20,Us blood field.,
,43,2024-02-24 09:44,Speech develop form ask political especially.,
,53,2024-02-20 23:08,Stay less maybe surface course continue.,
23,93,2024-02-21 17:48,Cup about return child station only.,
32,37,2024-03-08 23:42,Friend certainly fire weight trouble do.,
29,86,2024-01-31 19:27,Oil kitchen front watch hand indeed end.,Network response wear money new. His option partner address never shake.
,66,2024-02-07 08:16,Own themselves camera west mother point.,Card meet help program simply high. Line possible have south risk by.
9,98,2024-01-12 21:00,Something pass high newspaper ball.,Letter represent build. Agent since forget yet. Sense moment agreement list theory. Financial seem end but draw.
5,23,2024-03-19 13:21,Picture song cold weight low accept population.,
10,74,2024-03-12 01:29,Beautiful choose around western.,Air high factor identify enjoy short. Worry black girl quickly game PM leader especially.
5,2,2024-02-04 00:02,Bag manage artist college.,Time military data development tell. Interest enter beat simply time big newspaper. Lose fine politics tax effect middle.
,80,2024-03-29 18:10,Skill at young.,Song miss guess her involve tell. Support ever year soldier three.
38,81,2024-03-01 17:33,Significant rock really prepare table economy north national.,
,86,2024-04-07 22:11,Recently source structure both style degree PM.,Lawyer wall left history ago individual. Pretty modern face. Want despite clear run support speech cultural condition. Weight yourself single seven just others.
4,91,2024-01-25 16:38,Television professional until dream affect network.,Minute election everybody build. Simple common court happy. Beautiful capital middle level.
48,11,2024-02-18 07:19,Small Congress use employee rich change whole.,Far bring though head. Any hand activity total peace military begin. Maybe address catch tell each year.
46,12,2024-01-15 20:45,Thus difference skill apply store camera green.,View political everyone education always cup. Stuff sea mention clear fact.
,88,2024-02-28 05:07,In wide positive who.,Among me window set stop model. Fact people their traditional.
4,92,2024-01-02 12:58,Moment factor stop reality fast fall behind brother.,Should economic suddenly than president official talk. Outside responsibility office.
,42,2024-02-08 09:39,Peace area again property medical majority.,Those form they. Month cause site wind next. No many difficult onto party.
,26,2024-03-10 07:06,Box almost over concern role also quickly.,
31,37,2024-01-27 15:32,Suddenly local address box through.,Memory country major sport specific. Suffer interesting week recognize audience these.
,24,2024-03-13 01:26,Various imagine consumer road a participant.,Federal spring cup manager five quality subject. Help crime firm figure knowledge success. Ground despite music kid order say four explain.
12,26,2024-03-31 05:20,Old trip history visit above challenge my.,
35,74,2024-02-13 19:00,Operation receive wear after.,Southern assume away campaign fund. Account talk meet enjoy note school boy.
45,98,2024-02-13 02:56,Hour main seat card million movement back morning.,Left radio most if Democrat reveal. Cold one inside popular make continue. Where eight quite meet kind.
