Filepath,DateAdded
/main/short/agreement/oil.pdf,2024-04-27 12:36
/film/subject/left/determine.pdf,2024-04-24 09:12
/stuff/thus/tell/authority.pdf,2024-04-23 08:44
/property/chair/money/report.pdf,2024-04-09 12:26
/senior/class/reason/entire.pdf,2024-04-12 21:39
/piece/list/back/huge.pdf,2024-04-14 11:32
/wind/move/nor/institution.pdf,2024-04-26 21:22
/although/of/kid/role.pdf,2024-04-23 05:49
/task/want/science/here.pdf,2024-04-16 02:28
/boy/bed/who/pull.pdf,2024-04-22 15:07
/compare/hear/red/really.pdf,2024-04-19 04:47
/research/quite/order/another.pdf,2024-04-19 04:37
/law/style/glass/soldier.pdf,2024-04-03 23:31
/Mrs/doctor/evening/billion.pdf,2024-04-22 00:12
/parent/rise/partner/open.pdf,2024-04-07 05:13
/sport/major/include/house.pdf,2024-04-20 02:46
/hair/city/month/rock.pdf,2024-04-29 01:33
/just/find/book/meeting.pdf,2024-04-26 21:28
/yeah/theory/business/bed.pdf,2024-04-21 12:56
/lose/gun/forget/happen.pdf,2024-04-23 01:28
/maybe/happen/meeting/near.pdf,2024-04-03 17:54
/from/local/same/seven.pdf,2024-04-02 21:21
/building/see/take/another.pdf,2024-04-01 15:14
/research/boy/raise/gun.pdf,2024-04-23 12:07
/name/either/sit/wonder.pdf,2024-04-05 21:46
/last/opportunity/give/collection.pdf,2024-04-27 23:04
/professional/interview/subject/each.pdf,2024-04-06 04:31
/individual/lay/really/push.pdf,2024-04-01 19:42
/listen/decade/use/positive.pdf,2024-04-17 15:48
/difficult/sea/above/improve.pdf,2024-04-06 18:55
/style/table/score/soldier.pdf,2024-04-02 18:14
/not/try/successful/blue.pdf,2024-04-06 06:13
/build/lot/debate/gas.pdf,2024-04-08 09:07
/purpose/news/might/travel.pdf,2024-04-09 19:34
/people/including/popular/important.pdf,2024-04-04 05:07
/prepare/lot/through/he.pdf,2024-04-05 20:28
/finish/such/season/report.pdf,2024-04-26 20:12
/center/remember/become/performance.pdf,2024-04-09 19:26
/cover/but/focus/edge.pdf,2024-04-11 12:01
/kid/important/much/chance.pdf,2024-04-17 18:39
/cultural/land/identify/paper.pdf,2024-04-14 16:33
/quite/wide/rule/note.pdf,2024-04-27 04:19
/might/compare/one/consumer.pdf,2024-04-09 02:59
/little/thousand/forward/culture.pdf,2024-04-18 10:10
/memory/act/her/tree.pdf,2024-04-04 20:10
/mouth/or/if/teacher.pdf,2024-04-19 08:53
/just/million/reveal/issue.pdf,2024-04-20 23:25
/beautiful/computer/middle/life.pdf,2024-04-16 21:42
/final/discussion/sort/stuff.pdf,2024-04-01 22:04
/concern/fight/note/down.pdf,2024-04-22 23:05
/space/spring/situation/others.pdf,2024-04-14 22:23
/build/page/budget/much.pdf,2024-04-08 12:51
/occur/hit/than/of.pdf,2024-04-24 03:21
/let/serve/soon/analysis.pdf,2024-04-16 08:51
/themselves/simply/blue/large.pdf,2024-04-19 09:18
/alone/two/finish/end.pdf,2024-04-13 15:37
/begin/technology/training/happen.pdf,2024-04-13 08:25
/economic/task/stand/buy.pdf,2024-04-06 21:41
/have/risk/per/sing.pdf,2024-04-25 05:18
/company/later/project/poor.pdf,2024-04-18 07:58
/design/teach/design/still.pdf,2024-04-23 15:45
/fast/no/have/over.pdf,2024-04-17 18:56
/final/score/game/concern.pdf,2024-04-09 03:19
/we/my/toward/example.pdf,2024-04-20 02:36
/stock/social/central/beyond.pdf,2024-04-12 13:52
/reality/trial/factor/artist.pdf,2024-04-04 13:39
/child/enjoy/cause/tree.pdf,2024-04-21 00:16
/threat/sort/end/them.pdf,2024-04-20 00:32
/project/participant/change/might.pdf,2024-04-08 13:24
/bag/live/how/join.pdf,2024-04-18 19:46
/interesting/better/specific/up.pdf,2024-04-15 12:05
/understand/would/run/fall.pdf,2024-04-11 09:09
/able/party/generation/method.pdf,2024-04-25 10:36
/side/better/significant/throw.pdf,2024-04-28 08:18
/help/save/red/prove.pdf,2024-04-24 21:55
/discover/information/nor/stuff.pdf,2024-04-28 05:35
/executive/miss/development/thank.pdf,2024-04-10 01:58
/participant/officer/green/federal.pdf,2024-04-04 16:09
/gun/story/memory/together.pdf,2024-04-26 03:39
/bit/any/anything/sound.pdf,2024-04-18 14:44
/capital/admit/machine/think.pdf,2024-04-27 03:28
/a/loss/let/coach.pdf,2024-04-28 21:36
/where/risk/degree/later.pdf,2024-04-04 17:03
/two/cold/five/rate.pdf,2024-04-27 05:41
/herself/real/better/eye.pdf,2024-04-08 01:02
/range/well/red/hot.pdf,2024-04-05 15:44
/she/focus/process/individual.pdf,2024-04-20 16:12
/benefit/reality/laugh/east.pdf,2024-04-20 19:04
/bank/me/different/ability.pdf,2024-04-04 17:35
/light/response/natural/draw.pdf,2024-04-01 06:16
/camera/technology/gun/safe.pdf,2024-04-28 19:06
/mean/cause/rule/knowledge.pdf,2024-04-02 23:49
/sure/side/behind/identify.pdf,2024-04-03 21:08
/firm/upon/hold/form.pdf,2024-04-04 20:34
/two/some/tax/staff.pdf,2024-04-04 17:53
/nice/authority/character/research.pdf,2024-04-16 20:17
/less/community/rate/poor.pdf,2024-04-10 21:05
/civil/smile/production/different.pdf,2024-04-26 21:01
/trade/level/right/power.pdf,2024-04-07 02:39
/soldier/challenge/black/watch.pdf,2024-04-04 11:08
