ID,PageSectionID,Title,OrderNumber,URL
4,2,Stand-alone attitude-oriented encryption,2,http://www.williams.biz/
6,2,Up-sized real-time forecast,10,http://bartlett-sloan.com/
12,5,Front-line modular info-mediaries,6,https://monroe.com/
14,7,Sharable radical archive,1,http://www.chan.com/
15,7,Progressive 24/7 hierarchy,3,http://ortiz.com/
19,8,Virtual methodical throughput,1,https://www.thompson.org/
23,9,Object-based motivating forecast,4,https://york-stevens.com/
24,10,Self-enabling transitional middleware,5,https://meyer.com/
28,11,Seamless coherent focus group,10,https://rodriguez.com/
29,11,Configurable fault-tolerant artificial intelligence,10,https://dawson.com/
34,12,Stand-alone asymmetric function,9,https://stewart.com/
39,14,Centralized fault-tolerant secured line,7,http://www.richardson.com/
42,15,Triple-buffered client-driven standardization,9,https://www.vang.com/
43,15,Advanced cohesive methodology,1,http://www.wallace-martinez.com/
44,15,Monitored multi-state model,7,https://www.neal.com/
45,15,Up-sized empowering concept,6,https://garcia.com/
50,17,Progressive asymmetric firmware,6,http://glover.com/
52,17,Compatible modular knowledgebase,5,https://www.warner-phillips.com/
55,18,Multi-layered cohesive extranet,10,http://www.pruitt-webb.org/
57,18,Synergistic uniform budgetary management,1,https://johnson.com/
58,19,Focused user-facing migration,1,https://clay.com/
61,20,Multi-lateral human-resource collaboration,10,https://www.mcgee-smith.biz/
63,20,Universal user-facing projection,3,http://barrett-blanchard.com/
65,22,Fully-configurable intangible success,5,http://webb.com/
70,24,Programmable 6thgeneration initiative,3,http://www.hughes.org/
73,25,Cross-group neutral knowledgebase,6,https://moon.com/
76,25,Innovative user-facing process improvement,1,http://dixon.com/
77,25,Fully-configurable maximized hub,6,http://butler-french.com/
87,27,Integrated bi-directional database,2,http://montoya.com/
92,29,Open-source tangible hub,8,https://miller.com/
94,30,Reduced bandwidth-monitored middleware,10,https://www.underwood.info/
101,33,Inverse foreground knowledge user,3,http://www.obrien.com/
102,33,Future-proofed discrete archive,2,http://mercado.com/
106,34,Organized maximized functionalities,7,https://stephens.com/
110,35,Fundamental bottom-line array,6,http://carlson-jones.biz/
111,35,Diverse systemic framework,3,https://www.smith.net/
113,36,Balanced didactic Graphic Interface,8,http://www.valenzuela-greene.net/
116,37,Profound actuating service-desk,10,http://anderson.biz/
117,38,Innovative empowering conglomeration,4,https://wolfe.com/
118,38,Assimilated impactful knowledge user,10,https://chapman-figueroa.org/
119,38,Realigned value-added neural-net,3,http://scott.com/
122,39,Advanced analyzing time-frame,3,https://smith.com/
124,40,Open-architected holistic software,10,http://www.pena-watts.com/
126,41,Reduced optimizing firmware,1,http://richards.org/
129,42,De-engineered background workforce,10,https://www.arnold-grant.com/
134,44,Multi-tiered systemic interface,2,https://taylor.com/
138,46,Seamless regional pricing structure,6,https://caldwell-sullivan.com/
143,48,Operative dedicated project,6,https://richmond-hill.org/
148,50,Monitored non-volatile middleware,7,http://www.kelly.com/
159,53,Networked heuristic conglomeration,2,https://torres.net/
163,54,Triple-buffered tangible help-desk,5,http://evans-cannon.com/
165,56,Re-contextualized content-based workforce,3,https://www.khan-kim.com/
168,57,Cross-group analyzing emulation,9,http://lee.biz/
169,58,Robust directional adapter,6,http://www.wright.com/
173,59,Enhanced fresh-thinking approach,7,http://kim.com/
178,60,Switchable hybrid parallelism,2,https://diaz.com/
182,62,Sharable mobile projection,9,https://www.joyce-lewis.com/
184,62,Realigned system-worthy pricing structure,5,https://www.johnson.com/
186,62,Reverse-engineered context-sensitive implementation,4,http://preston-wright.com/
189,64,Upgradable 24hour standardization,9,https://ross.com/
190,64,Re-engineered hybrid throughput,8,http://gonzalez.net/
192,65,Robust foreground workforce,6,http://www.adams.com/
193,66,Seamless directional productivity,7,http://www.gutierrez.com/
198,68,Cross-group tertiary secured line,1,http://berry.com/
200,69,Organized 24/7 firmware,5,https://www.delgado.net/
202,70,Cloned grid-enabled extranet,2,http://www.barker-roach.com/
211,72,Organized asynchronous website,7,https://www.zimmerman.org/
215,74,Multi-tiered cohesive superstructure,8,https://williams.com/
216,74,Compatible neutral array,8,http://guerrero.net/
217,74,Mandatory radical pricing structure,5,http://riley.com/
218,75,Polarized tertiary algorithm,5,https://wilkins-chang.net/
219,75,Optional solution-oriented concept,10,http://taylor-neal.com/
221,77,Business-focused bandwidth-monitored groupware,2,https://ramsey-gilbert.com/
224,78,Upgradable needs-based firmware,10,https://mendoza.com/
225,79,Switchable executive framework,9,https://www.murray.info/
228,80,Pre-emptive coherent application,7,http://www.hardy.biz/
233,81,Expanded composite productivity,5,http://www.randolph-mcdaniel.org/
235,81,Customizable fault-tolerant toolset,7,http://small-garcia.com/
237,83,Switchable empowering array,9,https://www.hess.info/
240,83,Multi-layered contextually-based knowledge user,3,https://cobb.com/
250,87,Operative national software,10,http://www.griffin.com/
251,88,Phased object-oriented encoding,6,https://www.atkins.com/
254,89,Profit-focused object-oriented model,9,http://townsend-young.info/
