CourseID,Title,Description,OrderNumber
1,Mandatory zero administration matrix,,4
1,Ergonomic directional challenge,,6
2,Distributed asynchronous frame,,6
2,Cross-platform motivating throughput,Also from short capital heavy class story. Speak close join improve put down know expect. Doctor dream whole six tough create question.,5
3,Re-engineered leadingedge Local Area Network,Me industry class current painting their. Political them never.,1
4,Customer-focused transitional model,Base civil last message store. Watch develop later glass.,4
4,Assimilated intangible application,Hear history bank different five between research. Social case expert stop receive catch. Large accept bad eight strong nature road.,9
5,Progressive interactive budgetary management,,8
6,Vision-oriented executive encoding,Answer information soldier lead. Student matter movie place.,3
7,Re-engineered disintermediate structure,Investment pass drive indicate professor. Model guess well name.,10
7,Profit-focused neutral adapter,Analysis hit health section ground attack drop. Billion old series card good full poor store. Wonder long consider care respond want already.,8
7,Exclusive 6thgeneration utilization,,7
8,Exclusive 6thgeneration functionalities,Huge spring list already positive experience television. Tend forward buy.,4
9,Multi-layered intermediate initiative,Fund cost reality happen something entire. Risk bad own state. Family bill foreign fast knowledge response coach.,10
9,Organic grid-enabled knowledge user,Past itself police social arm provide.,9
10,Open-architected high-level migration,,4
11,User-friendly systematic complexity,,9
11,Assimilated client-server portal,,10
12,Synergistic zero tolerance intranet,Attack sing hand him.,6
12,Re-contextualized 5thgeneration portal,,8
13,Distributed systematic knowledge user,,10
13,Multi-layered holistic intranet,Case happen fire everything whether ago control. Hit no energy employee land you experience.,3
13,Pre-emptive dedicated capability,,2
14,Devolved asynchronous knowledge user,Young specific whose worry property remember. My through surface Republican until point soldier.,3
15,Profound directional capability,,7
15,Exclusive client-driven encoding,Guess occur level. Candidate this assume huge response long improve. Statement available win politics last quite.,10
16,Monitored clear-thinking time-frame,,9
16,Reactive scalable parallelism,Item treat area buy. Fight class various different.,9
17,Programmable executive artificial intelligence,,3
18,Function-based dedicated productivity,,10
19,Reactive even-keeled capacity,Pass behavior political option oil. Probably result painting successful. American tell ball we side enough decision. Indicate police marriage phone face what lot.,8
20,Synergized impactful framework,,9
21,Persevering asynchronous solution,,7
21,Centralized cohesive intranet,,8
21,Operative mission-critical Local Area Network,Parent fine responsibility safe team wish. Set middle blood drop.,2
22,Decentralized encompassing knowledge user,,1
22,Fully-configurable client-server attitude,,4
22,Business-focused explicit info-mediaries,,3
23,Seamless intangible encryption,,9
23,Diverse fresh-thinking orchestration,Several marriage method material final. Bed hotel lead. Democrat good anything manager think.,10
24,Streamlined systematic leverage,,9
25,Horizontal national access,,9
26,Customer-focused intermediate challenge,Shake hand hundred now crime network. Hit late near stay.,4
27,Secured systemic pricing structure,,6
27,Decentralized clear-thinking attitude,Some fund voice sense current meeting. American although require sound mind chance throw. Foreign party class wrong.,8
28,User-centric exuding parallelism,Stock mother remember feel staff happy purpose. On someone rise read ago listen. Officer return on color pick people subject challenge.,4
29,Synergized dynamic alliance,,3
29,Re-engineered tangible budgetary management,Kid industry include. Improve simple turn their save.,4
29,Centralized tertiary challenge,Night your long heavy what. Treatment garden great sign return poor really. Machine whatever everything fear walk word side relate.,1
30,Team-oriented tertiary matrix,Give value somebody event business quality here. Stand west source fact explain research. Under pretty section degree still even.,6
30,Realigned tangible flexibility,,5
30,Devolved bi-directional pricing structure,,9
31,User-centric optimizing encoding,,1
31,Fully-configurable actuating secured line,,3
31,Progressive directional productivity,Beyond form line. Accept nearly upon imagine.,4
32,Phased mission-critical projection,,4
33,Exclusive web-enabled forecast,,7
33,Inverse executive project,,8
33,Centralized zero administration array,Movement rich view tree company. Value already structure small. View while unit theory.,2
34,Advanced exuding open system,,6
34,Robust bi-directional groupware,,8
35,Horizontal logistical project,Management voice surface life cover both class. Possible responsibility add front far purpose cover. Task today still middle beautiful protect continue cell.,8
35,Inverse dynamic ability,,2
36,Fundamental human-resource encoding,West few reveal activity president. Artist brother fill if maybe. Real police wait happen determine.,8
36,Devolved mission-critical collaboration,,6
36,Persevering value-added portal,,6
37,Multi-layered intangible standardization,,1
37,Reactive methodical system engine,Seven quite other skin moment. Region back nor article natural measure of. Clearly take kind quite.,2
37,Universal optimal matrix,,1
38,Cross-group multimedia knowledge user,,8
39,Centralized logistical capacity,Lead around left southern rich how. Second official and. Red must art thus worry line.,3
40,Horizontal incremental contingency,Hear through large true help bag. Card team budget year hotel camera without.,6
40,Adaptive web-enabled adapter,,2
40,Innovative maximized service-desk,,3
41,Up-sized needs-based interface,,4
42,Public-key homogeneous emulation,Get every visit right both special information. Drive attack order.,1
42,Organized radical service-desk,Scientist I doctor describe tell.,8
43,Centralized client-driven middleware,Staff rule five our pull. Down then worry miss including every.,9
44,Realigned optimizing support,,2
44,Enhanced responsive service-desk,,3
44,Optimized next generation methodology,,2
45,Business-focused grid-enabled project,Five indicate chance heavy senior list support. Tax certain leg arm include. Newspaper care drug data position two.,2
46,Multi-layered background monitoring,,5
47,Up-sized content-based application,Purpose owner them could seven right. Describe decade trade field training deep couple.,3
48,User-centric bottom-line synergy,Receive region however dream focus. Herself move grow end mention. Letter sort reveal seven floor data fine.,10
49,Balanced non-volatile definition,End various often. Far cultural discover now early nearly.,3
49,Synergized global extranet,,10
49,Virtual mobile success,,4
50,Stand-alone user-facing matrix,Run goal cause national. True my politics arrive. Stuff avoid stand.,2
