PageSectionID,Title,OrderNumber
1,Upgradable human-resource hardware,3
1,Optimized foreground utilization,4
2,Devolved dynamic focus group,6
2,Stand-alone attitude-oriented encryption,2
2,Reactive radical policy,10
2,Up-sized real-time forecast,10
3,Vision-oriented system-worthy algorithm,2
3,Switchable exuding database,1
3,Programmable real-time migration,2
4,Ergonomic value-added infrastructure,8
4,Implemented secondary application,3
5,Front-line modular info-mediaries,6
6,Customizable disintermediate methodology,1
7,Sharable radical archive,1
7,Progressive 24/7 hierarchy,3
7,Intuitive clear-thinking info-mediaries,10
7,Re-contextualized intangible hierarchy,7
8,Quality-focused systemic conglomeration,8
8,Virtual methodical throughput,1
8,Compatible 3rdgeneration parallelism,7
8,Cloned 24/7 firmware,7
9,Extended 6thgeneration approach,6
9,Object-based motivating forecast,4
10,Self-enabling transitional middleware,5
10,Visionary intangible interface,5
11,Total impactful artificial intelligence,3
11,Sharable national monitoring,1
11,Seamless coherent focus group,10
11,Configurable fault-tolerant artificial intelligence,10
12,Profound demand-driven workforce,4
12,Distributed national Graphic Interface,5
12,Object-based optimizing productivity,8
12,Virtual solution-oriented software,7
12,Stand-alone asymmetric function,9
13,Total intermediate superstructure,1
13,Front-line analyzing encryption,2
13,Cross-group intermediate budgetary management,5
13,Persevering reciprocal portal,7
14,Centralized fault-tolerant secured line,7
14,User-centric stable support,4
15,Enhanced bottom-line access,4
15,Triple-buffered client-driven standardization,9
15,Advanced cohesive methodology,1
15,Monitored multi-state model,7
15,Up-sized empowering concept,6
16,Multi-layered clear-thinking synergy,9
16,Vision-oriented encompassing superstructure,8
16,Decentralized zero administration algorithm,6
16,Managed interactive flexibility,10
17,Progressive asymmetric firmware,6
17,Universal object-oriented product,7
17,Compatible modular knowledgebase,5
17,Profound high-level approach,3
17,Proactive non-volatile concept,1
18,Multi-layered cohesive extranet,10
18,Visionary bi-directional orchestration,4
18,Synergistic uniform budgetary management,1
19,Focused user-facing migration,1
19,Adaptive 6thgeneration access,8
19,Fully-configurable 6thgeneration leverage,9
20,Multi-lateral human-resource collaboration,10
20,Enhanced 5thgeneration neural-net,4
20,Universal user-facing projection,3
21,Operative directional Graphic Interface,4
22,Fully-configurable intangible success,5
22,Intuitive encompassing archive,9
23,Re-engineered holistic capability,4
24,Profit-focused systematic application,7
24,Enhanced directional website,6
24,Programmable 6thgeneration initiative,3
24,Cloned maximized forecast,3
24,Vision-oriented fault-tolerant Graphic Interface,4
25,Cross-group neutral knowledgebase,6
25,Advanced holistic customer loyalty,6
25,Implemented non-volatile toolset,10
25,Innovative user-facing process improvement,1
25,Fully-configurable maximized hub,6
26,Reverse-engineered modular throughput,10
26,Vision-oriented dedicated superstructure,3
26,Quality-focused well-modulated utilization,10
26,Fully-configurable coherent ability,4
26,Open-source 4thgeneration emulation,8
27,Quality-focused grid-enabled productivity,5
27,Team-oriented 24/7 groupware,3
27,Adaptive well-modulated protocol,8
27,Multi-tiered user-facing superstructure,1
27,Integrated bi-directional database,2
28,Progressive disintermediate instruction set,4
29,Pre-emptive analyzing circuit,4
29,Universal even-keeled array,1
29,Balanced discrete model,9
29,Open-source tangible hub,8
29,Persevering value-added artificial intelligence,1
30,Reduced bandwidth-monitored middleware,10
30,Devolved scalable infrastructure,4
30,Compatible optimizing open system,3
31,Centralized intermediate protocol,3
31,De-engineered disintermediate frame,6
31,Fundamental foreground website,1
32,Object-based tangible support,3
33,Inverse foreground knowledge user,3
33,Future-proofed discrete archive,2
33,Exclusive client-driven time-frame,9
33,Visionary optimal benchmark,6
33,Distributed bi-directional concept,2
34,Organized maximized functionalities,7
34,Open-source bottom-line monitoring,10
34,Multi-channeled zero administration database,2
35,Organized fault-tolerant Local Area Network,5
35,Fundamental bottom-line array,6
35,Diverse systemic framework,3
36,Triple-buffered tangible portal,7
36,Balanced didactic Graphic Interface,8
37,Digitized background structure,3
37,Fully-configurable heuristic infrastructure,9
37,Profound actuating service-desk,10
38,Innovative empowering conglomeration,4
38,Assimilated impactful knowledge user,10
38,Realigned value-added neural-net,3
39,Fully-configurable bandwidth-monitored Local Area Network,5
39,Customer-focused client-driven capability,5
39,Advanced analyzing time-frame,3
39,Face-to-face clear-thinking customer loyalty,3
40,Open-architected holistic software,10
41,Self-enabling secondary artificial intelligence,10
41,Reduced optimizing firmware,1
41,Compatible 3rdgeneration architecture,3
41,Exclusive secondary intranet,10
42,De-engineered background workforce,10
42,Managed bottom-line analyzer,4
42,Persistent actuating concept,10
43,Re-engineered intermediate success,8
44,Object-based modular algorithm,6
44,Multi-tiered systemic interface,2
45,Enhanced heuristic data-warehouse,6
45,Enterprise-wide even-keeled focus group,6
46,Organized coherent alliance,2
46,Seamless regional pricing structure,6
47,Fully-configurable secondary frame,1
47,Proactive incremental neural-net,5
47,Polarized analyzing array,4
47,Grass-roots human-resource challenge,4
48,Operative dedicated project,6
49,Progressive dynamic product,2
49,Quality-focused 3rdgeneration implementation,1
49,Universal heuristic matrices,1
50,Quality-focused zero tolerance matrix,8
50,Monitored non-volatile middleware,7
50,Inverse human-resource flexibility,3
50,Enterprise-wide 4thgeneration functionalities,7
51,Right-sized directional algorithm,7
51,Vision-oriented even-keeled approach,6
51,Phased multi-tasking help-desk,9
51,Visionary optimal emulation,7
52,Diverse bandwidth-monitored encryption,8
53,Switchable disintermediate flexibility,4
53,Public-key user-facing approach,3
53,Virtual directional orchestration,8
53,Networked heuristic conglomeration,2
53,Enhanced disintermediate parallelism,1
54,Intuitive user-facing standardization,1
54,Multi-channeled optimizing algorithm,6
54,Triple-buffered tangible help-desk,5
55,Re-contextualized non-volatile circuit,2
56,Re-contextualized content-based workforce,3
56,Proactive needs-based function,7
56,Enhanced mobile alliance,3
57,Cross-group analyzing emulation,9
58,Robust directional adapter,6
59,Progressive mission-critical ability,10
59,Managed reciprocal customer loyalty,8
59,De-engineered global structure,1
59,Enhanced fresh-thinking approach,7
59,Ameliorated client-server parallelism,3
60,Triple-buffered client-server time-frame,7
60,Customizable multi-tasking hierarchy,3
60,Compatible holistic strategy,1
60,Switchable hybrid parallelism,2
60,Cross-platform global framework,6
61,Inverse client-driven complexity,4
61,Upgradable intermediate utilization,7
62,Sharable mobile projection,9
62,Intuitive context-sensitive strategy,5
62,Realigned system-worthy pricing structure,5
62,Multi-channeled directional secured line,5
62,Reverse-engineered context-sensitive implementation,4
63,Integrated upward-trending solution,1
64,Implemented clear-thinking conglomeration,10
64,Upgradable 24hour standardization,9
64,Re-engineered hybrid throughput,8
64,Re-contextualized 5thgeneration contingency,3
65,Robust foreground workforce,6
66,Seamless directional productivity,7
67,Re-contextualized bi-directional methodology,5
68,Digitized full-range synergy,8
68,Compatible disintermediate hardware,4
68,Intuitive composite productivity,2
68,Cross-group tertiary secured line,1
68,Sharable upward-trending groupware,4
69,Organized 24/7 firmware,5
69,Expanded dynamic solution,2
70,Cloned grid-enabled extranet,2
70,Customer-focused uniform ability,5
70,Business-focused human-resource intranet,7
70,Upgradable intangible concept,8
71,Open-source modular implementation,5
71,Monitored needs-based implementation,2
71,Cross-platform mission-critical toolset,9
71,Re-engineered solution-oriented task-force,7
72,Synergized directional complexity,6
72,Organized asynchronous website,7
73,Automated explicit adapter,3
73,Intuitive empowering benchmark,8
73,Compatible global concept,1
74,Multi-tiered cohesive superstructure,8
74,Compatible neutral array,8
74,Mandatory radical pricing structure,5
75,Polarized tertiary algorithm,5
75,Optional solution-oriented concept,10
76,Robust intermediate complexity,3
77,Business-focused bandwidth-monitored groupware,2
78,Expanded content-based installation,9
78,Total neutral success,7
78,Upgradable needs-based firmware,10
79,Switchable executive framework,9
79,Front-line bandwidth-monitored application,1
80,Object-based object-oriented neural-net,9
80,Pre-emptive coherent application,7
80,Multi-lateral 24hour interface,9
80,Cross-group explicit protocol,8
81,Self-enabling radical matrices,4
81,Exclusive bandwidth-monitored algorithm,8
81,Expanded composite productivity,5
81,Implemented attitude-oriented leverage,2
81,Customizable fault-tolerant toolset,7
82,Object-based methodical matrix,9
83,Switchable empowering array,9
83,Stand-alone needs-based info-mediaries,10
83,Enterprise-wide holistic implementation,10
83,Multi-layered contextually-based knowledge user,3
83,Balanced empowering intranet,2
84,Persistent empowering definition,3
84,Future-proofed non-volatile approach,3
84,Distributed web-enabled standardization,4
84,Synchronized bandwidth-monitored artificial intelligence,4
85,Synchronized grid-enabled workforce,1
85,Quality-focused incremental system engine,7
86,Reverse-engineered discrete neural-net,7
87,Centralized human-resource model,3
87,Operative national software,10
88,Phased object-oriented encoding,6
88,Phased exuding artificial intelligence,2
88,Object-based transitional alliance,2
89,Profit-focused object-oriented model,9
89,Re-engineered systematic process improvement,7
89,Digitized bottom-line system engine,9
89,Organized context-sensitive concept,6
